Title of Project 1,Category1,Home1,Thismydescription1Thismydescription1Thismydescription1Thismydescription1Thismydescription1Thismydescription1Thismydescription1Thismydescription1Thismydescription1Thismydescription1Thismydescription1Thismydescription1Thismydescription1Thismydescription1Thismydescription1Thismydescription1Thismydescription1Thismydescription1Thismydescription1Thismydescription1Thismydescription1Thismydescription1Thismydescription1,ThismyCredits1ThismyCredits1ThismyCredits1ThismyCredits1ThismyCredits1ThismyCredits1ThismyCredits1ThismyCredits1ThismyCredits1ThismyCredits1ThismyCredits1ThismyCredits1ThismyCredits1ThismyCredits1ThismyCredits1ThismyCredits1ThismyCredits1ThismyCredits1ThismyCredits1ThismyCredits1ThismyCredits1ThismyCredits1ThismyCredits1ThismyCredits1ThismyCredits1ThismyCredits1ThismyCredits1ThismyCredits1ThismyCredits1,1
Title of Project 2,Category2,Home2,Thismydescription2Thismydescription2Thismydescription2Thismydescription2Thismydescription2Thismydescription2Thismydescription2Thismydescription2Thismydescription2Thismydescription2Thismydescription2Thismydescription2Thismydescription2Thismydescription2Thismydescription2Thismydescription2Thismydescription2Thismydescription2Thismydescription2Thismydescription2Thismydescription2Thismydescription2Thismydescription2,ThismyCredits2ThismyCredits2ThismyCredits2ThismyCredits2ThismyCredits2ThismyCredits2ThismyCredits2ThismyCredits2ThismyCredits2ThismyCredits2ThismyCredits2ThismyCredits2ThismyCredits2ThismyCredits2ThismyCredits2ThismyCredits2ThismyCredits2ThismyCredits2ThismyCredits2ThismyCredits2ThismyCredits2ThismyCredits2ThismyCredits2ThismyCredits2ThismyCredits2ThismyCredits2ThismyCredits2ThismyCredits2ThismyCredits2,2
Title of Project 3,Category3,Home3,Thismydescription3Thismydescription3Thismydescription3Thismydescription3Thismydescription3Thismydescription3Thismydescription3Thismydescription3Thismydescription3Thismydescription3Thismydescription3Thismydescription3Thismydescription3Thismydescription3Thismydescription3Thismydescription3Thismydescription3Thismydescription3Thismydescription3Thismydescription3Thismydescription3Thismydescription3Thismydescription3,ThismyCredits3ThismyCredits3ThismyCredits3ThismyCredits3ThismyCredits3ThismyCredits3ThismyCredits3ThismyCredits3ThismyCredits3ThismyCredits3ThismyCredits3ThismyCredits3ThismyCredits3ThismyCredits3ThismyCredits3ThismyCredits3ThismyCredits3ThismyCredits3ThismyCredits3ThismyCredits3ThismyCredits3ThismyCredits3ThismyCredits3ThismyCredits3ThismyCredits3ThismyCredits3ThismyCredits3ThismyCredits3ThismyCredits3,3
Title of Project 4,Category4,Home4,Thismydescription4Thismydescription4Thismydescription4Thismydescription4Thismydescription4Thismydescription4Thismydescription4Thismydescription4Thismydescription4Thismydescription4Thismydescription4Thismydescription4Thismydescription4Thismydescription4Thismydescription4Thismydescription4Thismydescription4Thismydescription4Thismydescription4Thismydescription4Thismydescription4Thismydescription4Thismydescription4,ThismyCredits4ThismyCredits4ThismyCredits4ThismyCredits4ThismyCredits4ThismyCredits4ThismyCredits4ThismyCredits4ThismyCredits4ThismyCredits4ThismyCredits4ThismyCredits4ThismyCredits4ThismyCredits4ThismyCredits4ThismyCredits4ThismyCredits4ThismyCredits4ThismyCredits4ThismyCredits4ThismyCredits4ThismyCredits4ThismyCredits4ThismyCredits4ThismyCredits4ThismyCredits4ThismyCredits4ThismyCredits4ThismyCredits4,4
Title of Project 5,Category5,Home5,Thismydescription5Thismydescription5Thismydescription5Thismydescription5Thismydescription5Thismydescription5Thismydescription5Thismydescription5Thismydescription5Thismydescription5Thismydescription5Thismydescription5Thismydescription5Thismydescription5Thismydescription5Thismydescription5Thismydescription5Thismydescription5Thismydescription5Thismydescription5Thismydescription5Thismydescription5Thismydescription5,ThismyCredits5ThismyCredits5ThismyCredits5ThismyCredits5ThismyCredits5ThismyCredits5ThismyCredits5ThismyCredits5ThismyCredits5ThismyCredits5ThismyCredits5ThismyCredits5ThismyCredits5ThismyCredits5ThismyCredits5ThismyCredits5ThismyCredits5ThismyCredits5ThismyCredits5ThismyCredits5ThismyCredits5ThismyCredits5ThismyCredits5ThismyCredits5ThismyCredits5ThismyCredits5ThismyCredits5ThismyCredits5ThismyCredits5,5
Title of Project 6,Category6,Home6,Thismydescription6Thismydescription6Thismydescription6Thismydescription6Thismydescription6Thismydescription6Thismydescription6Thismydescription6Thismydescription6Thismydescription6Thismydescription6Thismydescription6Thismydescription6Thismydescription6Thismydescription6Thismydescription6Thismydescription6Thismydescription6Thismydescription6Thismydescription6Thismydescription6Thismydescription6Thismydescription6,ThismyCredits6ThismyCredits6ThismyCredits6ThismyCredits6ThismyCredits6ThismyCredits6ThismyCredits6ThismyCredits6ThismyCredits6ThismyCredits6ThismyCredits6ThismyCredits6ThismyCredits6ThismyCredits6ThismyCredits6ThismyCredits6ThismyCredits6ThismyCredits6ThismyCredits6ThismyCredits6ThismyCredits6ThismyCredits6ThismyCredits6ThismyCredits6ThismyCredits6ThismyCredits6ThismyCredits6ThismyCredits6ThismyCredits6,6
Title of Project 7,Category7,Home7,Thismydescription7Thismydescription7Thismydescription7Thismydescription7Thismydescription7Thismydescription7Thismydescription7Thismydescription7Thismydescription7Thismydescription7Thismydescription7Thismydescription7Thismydescription7Thismydescription7Thismydescription7Thismydescription7Thismydescription7Thismydescription7Thismydescription7Thismydescription7Thismydescription7Thismydescription7Thismydescription7,ThismyCredits7ThismyCredits7ThismyCredits7ThismyCredits7ThismyCredits7ThismyCredits7ThismyCredits7ThismyCredits7ThismyCredits7ThismyCredits7ThismyCredits7ThismyCredits7ThismyCredits7ThismyCredits7ThismyCredits7ThismyCredits7ThismyCredits7ThismyCredits7ThismyCredits7ThismyCredits7ThismyCredits7ThismyCredits7ThismyCredits7ThismyCredits7ThismyCredits7ThismyCredits7ThismyCredits7ThismyCredits7ThismyCredits7,7
Title of Project 8,Category8,Home8,Thismydescription8Thismydescription8Thismydescription8Thismydescription8Thismydescription8Thismydescription8Thismydescription8Thismydescription8Thismydescription8Thismydescription8Thismydescription8Thismydescription8Thismydescription8Thismydescription8Thismydescription8Thismydescription8Thismydescription8Thismydescription8Thismydescription8Thismydescription8Thismydescription8Thismydescription8Thismydescription8,ThismyCredits8ThismyCredits8ThismyCredits8ThismyCredits8ThismyCredits8ThismyCredits8ThismyCredits8ThismyCredits8ThismyCredits8ThismyCredits8ThismyCredits8ThismyCredits8ThismyCredits8ThismyCredits8ThismyCredits8ThismyCredits8ThismyCredits8ThismyCredits8ThismyCredits8ThismyCredits8ThismyCredits8ThismyCredits8ThismyCredits8ThismyCredits8ThismyCredits8ThismyCredits8ThismyCredits8ThismyCredits8ThismyCredits8,8
Title of Project 9,Category9,Home9,Thismydescription9Thismydescription9Thismydescription9Thismydescription9Thismydescription9Thismydescription9Thismydescription9Thismydescription9Thismydescription9Thismydescription9Thismydescription9Thismydescription9Thismydescription9Thismydescription9Thismydescription9Thismydescription9Thismydescription9Thismydescription9Thismydescription9Thismydescription9Thismydescription9Thismydescription9Thismydescription9,ThismyCredits9ThismyCredits9ThismyCredits9ThismyCredits9ThismyCredits9ThismyCredits9ThismyCredits9ThismyCredits9ThismyCredits9ThismyCredits9ThismyCredits9ThismyCredits9ThismyCredits9ThismyCredits9ThismyCredits9ThismyCredits9ThismyCredits9ThismyCredits9ThismyCredits9ThismyCredits9ThismyCredits9ThismyCredits9ThismyCredits9ThismyCredits9ThismyCredits9ThismyCredits9ThismyCredits9ThismyCredits9ThismyCredits9,9
Title of Project 10,Category10,Home10,Thismydescription10Thismydescription10Thismydescription10Thismydescription10Thismydescription10Thismydescription10Thismydescription10Thismydescription10Thismydescription10Thismydescription10Thismydescription10Thismydescription10Thismydescription10Thismydescription10Thismydescription10Thismydescription10Thismydescription10Thismydescription10Thismydescription10Thismydescription10Thismydescription10Thismydescription10Thismydescription10,ThismyCredits10ThismyCredits10ThismyCredits10ThismyCredits10ThismyCredits10ThismyCredits10ThismyCredits10ThismyCredits10ThismyCredits10ThismyCredits10ThismyCredits10ThismyCredits10ThismyCredits10ThismyCredits10ThismyCredits10ThismyCredits10ThismyCredits10ThismyCredits10ThismyCredits10ThismyCredits10ThismyCredits10ThismyCredits10ThismyCredits10ThismyCredits10ThismyCredits10ThismyCredits10ThismyCredits10ThismyCredits10ThismyCredits10,10
Title of Project 11,Category11,Home11,Thismydescription11Thismydescription11Thismydescription11Thismydescription11Thismydescription11Thismydescription11Thismydescription11Thismydescription11Thismydescription11Thismydescription11Thismydescription11Thismydescription11Thismydescription11Thismydescription11Thismydescription11Thismydescription11Thismydescription11Thismydescription11Thismydescription11Thismydescription11Thismydescription11Thismydescription11Thismydescription11,ThismyCredits11ThismyCredits11ThismyCredits11ThismyCredits11ThismyCredits11ThismyCredits11ThismyCredits11ThismyCredits11ThismyCredits11ThismyCredits11ThismyCredits11ThismyCredits11ThismyCredits11ThismyCredits11ThismyCredits11ThismyCredits11ThismyCredits11ThismyCredits11ThismyCredits11ThismyCredits11ThismyCredits11ThismyCredits11ThismyCredits11ThismyCredits11ThismyCredits11ThismyCredits11ThismyCredits11ThismyCredits11ThismyCredits11,11
Title of Project 12,Category12,Home12,Thismydescription12Thismydescription12Thismydescription12Thismydescription12Thismydescription12Thismydescription12Thismydescription12Thismydescription12Thismydescription12Thismydescription12Thismydescription12Thismydescription12Thismydescription12Thismydescription12Thismydescription12Thismydescription12Thismydescription12Thismydescription12Thismydescription12Thismydescription12Thismydescription12Thismydescription12Thismydescription12,ThismyCredits12ThismyCredits12ThismyCredits12ThismyCredits12ThismyCredits12ThismyCredits12ThismyCredits12ThismyCredits12ThismyCredits12ThismyCredits12ThismyCredits12ThismyCredits12ThismyCredits12ThismyCredits12ThismyCredits12ThismyCredits12ThismyCredits12ThismyCredits12ThismyCredits12ThismyCredits12ThismyCredits12ThismyCredits12ThismyCredits12ThismyCredits12ThismyCredits12ThismyCredits12ThismyCredits12ThismyCredits12ThismyCredits12,12
Title of Project 13,Category13,Home13,Thismydescription13Thismydescription13Thismydescription13Thismydescription13Thismydescription13Thismydescription13Thismydescription13Thismydescription13Thismydescription13Thismydescription13Thismydescription13Thismydescription13Thismydescription13Thismydescription13Thismydescription13Thismydescription13Thismydescription13Thismydescription13Thismydescription13Thismydescription13Thismydescription13Thismydescription13Thismydescription13,ThismyCredits13ThismyCredits13ThismyCredits13ThismyCredits13ThismyCredits13ThismyCredits13ThismyCredits13ThismyCredits13ThismyCredits13ThismyCredits13ThismyCredits13ThismyCredits13ThismyCredits13ThismyCredits13ThismyCredits13ThismyCredits13ThismyCredits13ThismyCredits13ThismyCredits13ThismyCredits13ThismyCredits13ThismyCredits13ThismyCredits13ThismyCredits13ThismyCredits13ThismyCredits13ThismyCredits13ThismyCredits13ThismyCredits13,13
Title of Project 14,Category14,Home14,Thismydescription14Thismydescription14Thismydescription14Thismydescription14Thismydescription14Thismydescription14Thismydescription14Thismydescription14Thismydescription14Thismydescription14Thismydescription14Thismydescription14Thismydescription14Thismydescription14Thismydescription14Thismydescription14Thismydescription14Thismydescription14Thismydescription14Thismydescription14Thismydescription14Thismydescription14Thismydescription14,ThismyCredits14ThismyCredits14ThismyCredits14ThismyCredits14ThismyCredits14ThismyCredits14ThismyCredits14ThismyCredits14ThismyCredits14ThismyCredits14ThismyCredits14ThismyCredits14ThismyCredits14ThismyCredits14ThismyCredits14ThismyCredits14ThismyCredits14ThismyCredits14ThismyCredits14ThismyCredits14ThismyCredits14ThismyCredits14ThismyCredits14ThismyCredits14ThismyCredits14ThismyCredits14ThismyCredits14ThismyCredits14ThismyCredits14,14
Title of Project 15,Category15,Home15,Thismydescription15Thismydescription15Thismydescription15Thismydescription15Thismydescription15Thismydescription15Thismydescription15Thismydescription15Thismydescription15Thismydescription15Thismydescription15Thismydescription15Thismydescription15Thismydescription15Thismydescription15Thismydescription15Thismydescription15Thismydescription15Thismydescription15Thismydescription15Thismydescription15Thismydescription15Thismydescription15,ThismyCredits15ThismyCredits15ThismyCredits15ThismyCredits15ThismyCredits15ThismyCredits15ThismyCredits15ThismyCredits15ThismyCredits15ThismyCredits15ThismyCredits15ThismyCredits15ThismyCredits15ThismyCredits15ThismyCredits15ThismyCredits15ThismyCredits15ThismyCredits15ThismyCredits15ThismyCredits15ThismyCredits15ThismyCredits15ThismyCredits15ThismyCredits15ThismyCredits15ThismyCredits15ThismyCredits15ThismyCredits15ThismyCredits15,15
Title of Project 16,Category16,Home16,Thismydescription16Thismydescription16Thismydescription16Thismydescription16Thismydescription16Thismydescription16Thismydescription16Thismydescription16Thismydescription16Thismydescription16Thismydescription16Thismydescription16Thismydescription16Thismydescription16Thismydescription16Thismydescription16Thismydescription16Thismydescription16Thismydescription16Thismydescription16Thismydescription16Thismydescription16Thismydescription16,ThismyCredits116ThismyCredits116ThismyCredits116ThismyCredits116ThismyCredits116ThismyCredits116ThismyCredits116ThismyCredits116ThismyCredits116ThismyCredits116ThismyCredits116ThismyCredits116ThismyCredits116ThismyCredits116ThismyCredits116ThismyCredits116ThismyCredits116ThismyCredits116ThismyCredits116ThismyCredits116ThismyCredits116ThismyCredits116ThismyCredits116ThismyCredits116ThismyCredits116ThismyCredits116ThismyCredits116ThismyCredits116ThismyCredits16,16
Title of Project 17,Category17,Home17,Thismydescription17Thismydescription17Thismydescription17Thismydescription17Thismydescription17Thismydescription17Thismydescription17Thismydescription17Thismydescription17Thismydescription17Thismydescription17Thismydescription17Thismydescription17Thismydescription17Thismydescription17Thismydescription17Thismydescription17Thismydescription17Thismydescription17Thismydescription17Thismydescription17Thismydescription17Thismydescription17,ThismyCredits117ThismyCredits117ThismyCredits117ThismyCredits117ThismyCredits117ThismyCredits117ThismyCredits117ThismyCredits117ThismyCredits117ThismyCredits117ThismyCredits117ThismyCredits117ThismyCredits117ThismyCredits117ThismyCredits117ThismyCredits117ThismyCredits117ThismyCredits117ThismyCredits117ThismyCredits117ThismyCredits117ThismyCredits117ThismyCredits117ThismyCredits117ThismyCredits117ThismyCredits117ThismyCredits117ThismyCredits117ThismyCredits17,17
Title of Project 18,Category18,Home18,Thismydescription18Thismydescription18Thismydescription18Thismydescription18Thismydescription18Thismydescription18Thismydescription18Thismydescription18Thismydescription18Thismydescription18Thismydescription18Thismydescription18Thismydescription18Thismydescription18Thismydescription18Thismydescription18Thismydescription18Thismydescription18Thismydescription18Thismydescription18Thismydescription18Thismydescription18Thismydescription18,ThismyCredits18ThismyCredits18ThismyCredits18ThismyCredits18ThismyCredits18ThismyCredits18ThismyCredits18ThismyCredits18ThismyCredits18ThismyCredits18ThismyCredits18ThismyCredits18ThismyCredits18ThismyCredits18ThismyCredits18ThismyCredits18ThismyCredits18ThismyCredits18ThismyCredits18ThismyCredits18ThismyCredits18ThismyCredits18ThismyCredits18ThismyCredits18ThismyCredits18ThismyCredits18ThismyCredits18ThismyCredits18ThismyCredits18,18
Title of Project 19,Category19,Home19,Thismydescription19Thismydescription19Thismydescription19Thismydescription19Thismydescription19Thismydescription19Thismydescription19Thismydescription19Thismydescription19Thismydescription19Thismydescription19Thismydescription19Thismydescription19Thismydescription19Thismydescription19Thismydescription19Thismydescription19Thismydescription19Thismydescription19Thismydescription19Thismydescription19Thismydescription19Thismydescription19,ThismyCredits19ThismyCredits19ThismyCredits19ThismyCredits19ThismyCredits19ThismyCredits19ThismyCredits19ThismyCredits19ThismyCredits19ThismyCredits19ThismyCredits19ThismyCredits19ThismyCredits19ThismyCredits19ThismyCredits19ThismyCredits19ThismyCredits19ThismyCredits19ThismyCredits19ThismyCredits19ThismyCredits19ThismyCredits19ThismyCredits19ThismyCredits19ThismyCredits19ThismyCredits19ThismyCredits19ThismyCredits19ThismyCredits19,19
Title of Project 20,Category20,Home20,Thismydescription20Thismydescription20Thismydescription20Thismydescription20Thismydescription20Thismydescription20Thismydescription20Thismydescription20Thismydescription20Thismydescription20Thismydescription20Thismydescription20Thismydescription20Thismydescription20Thismydescription20Thismydescription20Thismydescription20Thismydescription20Thismydescription20Thismydescription20Thismydescription20Thismydescription20Thismydescription20,ThismyCredits20ThismyCredits20ThismyCredits20ThismyCredits20ThismyCredits20ThismyCredits20ThismyCredits20ThismyCredits20ThismyCredits20ThismyCredits20ThismyCredits20ThismyCredits20ThismyCredits20ThismyCredits20ThismyCredits20ThismyCredits20ThismyCredits20ThismyCredits20ThismyCredits20ThismyCredits20ThismyCredits20ThismyCredits20ThismyCredits20ThismyCredits20ThismyCredits20ThismyCredits20ThismyCredits20ThismyCredits20ThismyCredits20,20
Title of Project 21,Category21,Home21,Thismydescription21Thismydescription21Thismydescription21Thismydescription21Thismydescription21Thismydescription21Thismydescription21Thismydescription21Thismydescription21Thismydescription21Thismydescription21Thismydescription21Thismydescription21Thismydescription21Thismydescription21Thismydescription21Thismydescription21Thismydescription21Thismydescription21Thismydescription21Thismydescription21Thismydescription21Thismydescription21,ThismyCredits21ThismyCredits21ThismyCredits21ThismyCredits21ThismyCredits21ThismyCredits21ThismyCredits21ThismyCredits21ThismyCredits21ThismyCredits21ThismyCredits21ThismyCredits21ThismyCredits21ThismyCredits21ThismyCredits21ThismyCredits21ThismyCredits21ThismyCredits21ThismyCredits21ThismyCredits21ThismyCredits21ThismyCredits21ThismyCredits21ThismyCredits21ThismyCredits21ThismyCredits21ThismyCredits21ThismyCredits21ThismyCredits21,21
Title of Project 22,Category22,Home22,Thismydescription22Thismydescription22Thismydescription22Thismydescription22Thismydescription22Thismydescription22Thismydescription22Thismydescription22Thismydescription22Thismydescription22Thismydescription22Thismydescription22Thismydescription22Thismydescription22Thismydescription22Thismydescription22Thismydescription22Thismydescription22Thismydescription22Thismydescription22Thismydescription22Thismydescription22Thismydescription22,ThismyCredits22ThismyCredits22ThismyCredits22ThismyCredits22ThismyCredits22ThismyCredits22ThismyCredits22ThismyCredits22ThismyCredits22ThismyCredits22ThismyCredits22ThismyCredits22ThismyCredits22ThismyCredits22ThismyCredits22ThismyCredits22ThismyCredits22ThismyCredits22ThismyCredits22ThismyCredits22ThismyCredits22ThismyCredits22ThismyCredits22ThismyCredits22ThismyCredits22ThismyCredits22ThismyCredits22ThismyCredits22ThismyCredits22,22
Title of Project 23,Category23,Home23,Thismydescription23Thismydescription23Thismydescription23Thismydescription23Thismydescription23Thismydescription23Thismydescription23Thismydescription23Thismydescription23Thismydescription23Thismydescription23Thismydescription23Thismydescription23Thismydescription23Thismydescription23Thismydescription23Thismydescription23Thismydescription23Thismydescription23Thismydescription23Thismydescription23Thismydescription23Thismydescription23,ThismyCredits23ThismyCredits23ThismyCredits23ThismyCredits23ThismyCredits23ThismyCredits23ThismyCredits23ThismyCredits23ThismyCredits23ThismyCredits23ThismyCredits23ThismyCredits23ThismyCredits23ThismyCredits23ThismyCredits23ThismyCredits23ThismyCredits23ThismyCredits23ThismyCredits23ThismyCredits23ThismyCredits23ThismyCredits23ThismyCredits23ThismyCredits23ThismyCredits23ThismyCredits23ThismyCredits23ThismyCredits23ThismyCredits23,23
Title of Project 24,Category24,Home24,Thismydescription24Thismydescription24Thismydescription24Thismydescription24Thismydescription24Thismydescription24Thismydescription24Thismydescription24Thismydescription24Thismydescription24Thismydescription24Thismydescription24Thismydescription24Thismydescription24Thismydescription24Thismydescription24Thismydescription24Thismydescription24Thismydescription24Thismydescription24Thismydescription24Thismydescription24Thismydescription24,ThismyCredits24ThismyCredits24ThismyCredits24ThismyCredits24ThismyCredits24ThismyCredits24ThismyCredits24ThismyCredits24ThismyCredits24ThismyCredits24ThismyCredits24ThismyCredits24ThismyCredits24ThismyCredits24ThismyCredits24ThismyCredits24ThismyCredits24ThismyCredits24ThismyCredits24ThismyCredits24ThismyCredits24ThismyCredits24ThismyCredits24ThismyCredits24ThismyCredits24ThismyCredits24ThismyCredits24ThismyCredits24ThismyCredits24,24
Title of Project 25,Category25,Home25,Thismydescription25Thismydescription25Thismydescription25Thismydescription25Thismydescription25Thismydescription25Thismydescription25Thismydescription25Thismydescription25Thismydescription25Thismydescription25Thismydescription25Thismydescription25Thismydescription25Thismydescription25Thismydescription25Thismydescription25Thismydescription25Thismydescription25Thismydescription25Thismydescription25Thismydescription25Thismydescription25,ThismyCredits25ThismyCredits25ThismyCredits25ThismyCredits25ThismyCredits25ThismyCredits25ThismyCredits25ThismyCredits25ThismyCredits25ThismyCredits25ThismyCredits25ThismyCredits25ThismyCredits25ThismyCredits25ThismyCredits25ThismyCredits25ThismyCredits25ThismyCredits25ThismyCredits25ThismyCredits25ThismyCredits25ThismyCredits25ThismyCredits25ThismyCredits25ThismyCredits25ThismyCredits25ThismyCredits25ThismyCredits25ThismyCredits25,25
Title of Project 26,Category26,Home26,Thismydescription26Thismydescription26Thismydescription26Thismydescription26Thismydescription26Thismydescription26Thismydescription26Thismydescription26Thismydescription26Thismydescription26Thismydescription26Thismydescription26Thismydescription26Thismydescription26Thismydescription26Thismydescription26Thismydescription26Thismydescription26Thismydescription26Thismydescription26Thismydescription26Thismydescription26Thismydescription26,ThismyCredits26ThismyCredits26ThismyCredits26ThismyCredits26ThismyCredits26ThismyCredits26ThismyCredits26ThismyCredits26ThismyCredits26ThismyCredits26ThismyCredits26ThismyCredits26ThismyCredits26ThismyCredits26ThismyCredits26ThismyCredits26ThismyCredits26ThismyCredits26ThismyCredits26ThismyCredits26ThismyCredits26ThismyCredits26ThismyCredits26ThismyCredits26ThismyCredits26ThismyCredits26ThismyCredits26ThismyCredits26ThismyCredits26,26
Title of Project 27,Category27,Home27,Thismydescription27Thismydescription27Thismydescription27Thismydescription27Thismydescription27Thismydescription27Thismydescription27Thismydescription27Thismydescription27Thismydescription27Thismydescription27Thismydescription27Thismydescription27Thismydescription27Thismydescription27Thismydescription27Thismydescription27Thismydescription27Thismydescription27Thismydescription27Thismydescription27Thismydescription27Thismydescription27,ThismyCredits27ThismyCredits27ThismyCredits27ThismyCredits27ThismyCredits27ThismyCredits27ThismyCredits27ThismyCredits27ThismyCredits27ThismyCredits27ThismyCredits27ThismyCredits27ThismyCredits27ThismyCredits27ThismyCredits27ThismyCredits27ThismyCredits27ThismyCredits27ThismyCredits27ThismyCredits27ThismyCredits27ThismyCredits27ThismyCredits27ThismyCredits27ThismyCredits27ThismyCredits27ThismyCredits27ThismyCredits27ThismyCredits27,27
Title of Project 28,Category28,Home28,Thismydescription28Thismydescription28Thismydescription28Thismydescription28Thismydescription28Thismydescription28Thismydescription28Thismydescription28Thismydescription28Thismydescription28Thismydescription28Thismydescription28Thismydescription28Thismydescription28Thismydescription28Thismydescription28Thismydescription28Thismydescription28Thismydescription28Thismydescription28Thismydescription28Thismydescription28Thismydescription28,ThismyCredits28ThismyCredits28ThismyCredits28ThismyCredits28ThismyCredits28ThismyCredits28ThismyCredits28ThismyCredits28ThismyCredits28ThismyCredits28ThismyCredits28ThismyCredits28ThismyCredits28ThismyCredits28ThismyCredits28ThismyCredits28ThismyCredits28ThismyCredits28ThismyCredits28ThismyCredits28ThismyCredits28ThismyCredits28ThismyCredits28ThismyCredits28ThismyCredits28ThismyCredits28ThismyCredits28ThismyCredits28ThismyCredits28,28